{"cameraMode":{"drawMode":0,"name":"Shaded","section":"Shading Mode"},"sceneLighting":false,"audioPlay":false,"sceneViewState":{"m_AlwaysRefresh":false,"showFog":true,"showSkybox":false,"showFlares":true,"showImageEffects":true,"showParticleSystems":true,"showVisualEffectGraphs":true,"m_FxEnabled":true},"in2DMode":false,"pivot":{"x":9.908931732177735,"y":252.57098388671876,"z":262.59991455078127},"rotation":{"x":0.05785784125328064,"y":-0.016471607610583307,"z":0.000954752613324672,"w":0.9981890320777893},"size":28.36096954345703,"orthographic":true}